{"train_loss": [0.3261104768016331, 0.18930386668640126, 0.13358006571566272, 0.1239356893620834, 0.11385965880030509, 0.09728782621535721, 0.08950616379075316, 0.09615418922277377, 0.08446774516221722, 0.08279660505327244, 0.0710894729465941, 0.07058755840362765, 0.06524941689781007, 0.07453414391742351, 0.0819608763221897, 0.0694201542531051, 0.046229287788554146, 0.03751616786459659, 0.03510397366654729, 0.03216314743246711], "train_acc": [0.8587714592274678, 0.9236856223175965, 0.9478272532188842, 0.9482296137339056, 0.9552038626609443, 0.9608369098712446, 0.9635193133047211, 0.9645922746781116, 0.9666040772532188, 0.9707618025751072, 0.972505364806867, 0.9745171673819742, 0.9753218884120172, 0.9714324034334764, 0.9676770386266095, 0.9735783261802575, 0.9824302575107297, 0.9848444206008584, 0.9872585836909872, 0.9877950643776824], "val_loss": [0.23019032564778358, 0.17192696168636665, 0.18785545487816518, 0.09893587848935755, 0.18487564206887513, 0.09281734087002966, 0.1325636803268049, 0.13740525845414361, 0.3528466468485884, 0.07746111646963236, 0.11533701619825876, 0.10062215247979531, 0.07925206443402343, 0.09758036494410287, 0.24439500549282783, 0.08043591186213188, 0.055218689679466665, 0.05715253546935482, 0.05616662702642572, 0.058944958369792376], "val_acc": [0.907725321888412, 0.9313304721030042, 0.9254291845493562, 0.9619098712446352, 0.9340128755364807, 0.9635193133047211, 0.9468884120171673, 0.9484978540772532, 0.8927038626609443, 0.9667381974248928, 0.9576180257510729, 0.9603004291845494, 0.9726394849785408, 0.9651287553648069, 0.9104077253218884, 0.9704935622317596, 0.9780042918454935, 0.9790772532188842, 0.9790772532188842, 0.976931330472103], "best_val_acc": 0.9790772532188842}